{
    "CartPole-v1": {
        "actor_learning_rate": 0.00027212556221292955,
        "critic_learning_rate": 3.61299341896982e-05,
        "n_steps": 4096,
        "ent_coef": 0.000341479333026806,
        "gamma": 0.9957597328914045,
        "n_neurons": 64
    }
}